<application>
  <component name="ProjectManager">
    <defaultProject>
      <component name="Encoding" addBOMForNewFiles="with BOM under Windows, with no BOM otherwise" />
      <component name="MarkdownSettingsMigration">
        <option name="stateVersion" value="1" />
      </component>
      <component name="ProjectViewState">
        <option name="autoscrollFromSource" value="true" />
        <option name="hideEmptyMiddlePackages" value="true" />
        <option name="showLibraryContents" value="true" />
      </component>
      <component name="PropertiesComponent">{
  &quot;keyToString&quot;: {
    &quot;settings.editor.selected.configurable&quot;: &quot;SolutionBuilderGeneralOptionsPage&quot;
  }
}</component>
      <component name="SvnConfiguration">
        <configuration>$USER_HOME$/.subversion</configuration>
      </component>
      <component name="TaskManager">
        <task active="true" id="Default" summary="Default task">
          <created>1697398280881</created>
          <option name="number" value="Default" />
          <option name="presentableId" value="Default" />
          <updated>1697398280881</updated>
        </task>
        <servers />
      </component>
      <component name="WindowStateProjectService">
        <state x="1063" y="197" key="FileChooserDialogImpl" timestamp="1697400401483">
          <screen x="0" y="0" width="2560" height="1036" />
        </state>
        <state x="1063" y="197" key="FileChooserDialogImpl/0.0.2560.1036/2560.0.1920.1080" timestamp="1697400401483" />
        <state x="875" y="188" width="800" height="532" key="Rider.ProjectTemplateDialog.Size" timestamp="1697400440467">
          <screen x="0" y="0" width="2560" height="1036" />
        </state>
        <state x="875" y="188" width="800" height="532" key="Rider.ProjectTemplateDialog.Size/0.0.2560.1036/2560.0.1920.1080" timestamp="1697400440467" />
        <state x="2788" y="147" width="1347" height="736" key="SettingsEditor" timestamp="1697398568699">
          <screen x="2560" y="0" width="1920" height="1080" />
        </state>
        <state x="2788" y="147" width="1347" height="736" key="SettingsEditor/0.0.2560.1036/2560.0.1920.1080" timestamp="1697398568699" />
      </component>
    </defaultProject>
  </component>
</application>