<application>
  <component name="ProjectManager">
    <defaultProject>
      <component name="Encoding" addBOMForNewFiles="with BOM under Windows, with no BOM otherwise" />
      <component name="ProjectViewState">
        <option name="autoscrollFromSource" value="true" />
        <option name="hideEmptyMiddlePackages" value="true" />
        <option name="showLibraryContents" value="true" />
      </component>
      <component name="PropertiesComponent">{
  &quot;keyToString&quot;: {
    &quot;settings.editor.selected.configurable&quot;: &quot;preferences.pluginManager&quot;
  }
}</component>
      <component name="WindowStateProjectService">
        <state x="2788" y="147" width="992" height="734" key="SettingsEditor" timestamp="1690127215465">
          <screen x="2560" y="0" width="1920" height="1080" />
        </state>
        <state x="2788" y="147" width="992" height="734" key="SettingsEditor/0.0.2560.1036/2560.0.1920.1080" timestamp="1690127215465" />
      </component>
    </defaultProject>
  </component>
</application>