<application>
  <component name="ProjectManager">
    <defaultProject>
      <component name="Encoding" addBOMForNewFiles="with BOM under Windows, with no BOM otherwise" />
      <component name="MarkdownSettingsMigration">
        <option name="stateVersion" value="1" />
      </component>
      <component name="ProjectViewState">
        <option name="autoscrollFromSource" value="true" />
        <option name="hideEmptyMiddlePackages" value="true" />
        <option name="showLibraryContents" value="true" />
      </component>
      <component name="PropertiesComponent">{
  &quot;keyToString&quot;: {
    &quot;settings.editor.selected.configurable&quot;: &quot;SolutionBuilderGeneralOptionsPage&quot;
  }
}</component>
      <component name="SvnConfiguration">
        <configuration>$USER_HOME$/.subversion</configuration>
      </component>
      <component name="TaskManager">
        <task active="true" id="Default" summary="Default task">
          <created>1697398280881</created>
          <option name="number" value="Default" />
          <option name="presentableId" value="Default" />
          <updated>1697398280881</updated>
        </task>
        <servers />
      </component>
      <component name="WindowStateProjectService">
        <state x="2952" y="165" width="808" height="533" key="Rider.ProjectTemplateDialog.Size" timestamp="1711395329384">
          <screen x="2560" y="0" width="1920" height="1080" />
        </state>
        <state x="2952" y="165" width="808" height="533" key="Rider.ProjectTemplateDialog.Size/0.0.2560.1038/2560.0.1920.1080" timestamp="1711395329384" />
      </component>
    </defaultProject>
  </component>
</application>