<application>
  <component name="Trusted.Paths">
    <option name="TRUSTED_PROJECT_PATHS">
      <map>
        <entry key="$USER_HOME$/Documents/Projects/Testing" value="true" />
        <entry key="$USER_HOME$/Documents/Projects/Testing/.idea/.idea.Testing" value="true" />
        <entry key="$USER_HOME$/Documents/Projects/auth-service" value="true" />
        <entry key="$USER_HOME$/Documents/Projects/auth-service/.idea/.idea.RpgManager" value="true" />
        <entry key="$USER_HOME$/Documents/Projects/auth-service/.idea/.idea.auth-service" value="true" />
        <entry key="$USER_HOME$/Documents/Projects/rpg-manager" value="true" />
        <entry key="$USER_HOME$/Documents/Projects/rpg-manager/.idea/.idea.rpg-manager" value="true" />
      </map>
    </option>
  </component>
</application>