<application>
  <component name="Vcs.Log.App.Settings">
    <option name="COLUMN_ID_ORDER">
      <list>
        <option value="Default.Root" />
        <option value="Default.Subject" />
        <option value="Default.Author" />
        <option value="Default.Date" />
        <option value="Space.CommitStatus" />
      </list>
    </option>
    <option name="LABELS_LEFT_ALIGNED" value="true" />
    <option name="PREFER_COMMIT_DATE" value="true" />
    <option name="SHOW_DIFF_PREVIEW" value="true" />
  </component>
</application>