<application>
  <component name="DimensionService">
    <location key="find.popup.0.0.2560.1440@120dpi" x="966" y="115" />
    <size key="GridCell.Tab.0.left.0.0.2560.1440@120dpi" width="2458" height="404" />
    <size key="GridCell.Tab.0.center.0.0.2560.1440@120dpi" width="2458" height="404" />
    <size key="GridCell.Tab.0.right.0.0.2560.1440@120dpi" width="2458" height="404" />
    <size key="GridCell.Tab.0.bottom.0.0.2560.1440@120dpi" width="2458" height="404" />
    <size key="GridCell.Tab.1.left.0.0.2560.1440@120dpi" width="2458" height="404" />
    <size key="GridCell.Tab.1.center.0.0.2560.1440@120dpi" width="2458" height="404" />
    <size key="GridCell.Tab.1.right.0.0.2560.1440@120dpi" width="2458" height="404" />
    <size key="GridCell.Tab.1.bottom.0.0.2560.1440@120dpi" width="2458" height="404" />
    <size key="GridCell.Tab.2.left.0.0.2560.1440@120dpi" width="2458" height="404" />
    <size key="GridCell.Tab.2.center.0.0.2560.1440@120dpi" width="2458" height="404" />
    <size key="GridCell.Tab.2.right.0.0.2560.1440@120dpi" width="2458" height="404" />
    <size key="GridCell.Tab.2.bottom.0.0.2560.1440@120dpi" width="2458" height="404" />
    <size key="GridCell.Tab.3.left.0.0.2560.1440@120dpi" width="2458" height="404" />
    <size key="GridCell.Tab.3.center.0.0.2560.1440@120dpi" width="2458" height="404" />
    <size key="GridCell.Tab.3.right.0.0.2560.1440@120dpi" width="2458" height="404" />
    <size key="GridCell.Tab.3.bottom.0.0.2560.1440@120dpi" width="2458" height="404" />
    <size key="GridCell.Tab.4.left.0.0.2560.1440@120dpi" width="2458" height="404" />
    <size key="GridCell.Tab.4.center.0.0.2560.1440@120dpi" width="2458" height="404" />
    <size key="GridCell.Tab.4.right.0.0.2560.1440@120dpi" width="2458" height="404" />
    <size key="GridCell.Tab.4.bottom.0.0.2560.1440@120dpi" width="2458" height="404" />
    <size key="GridCell.Tab.5.left.0.0.2560.1440@120dpi" width="2458" height="404" />
    <size key="GridCell.Tab.5.center.0.0.2560.1440@120dpi" width="2458" height="404" />
    <size key="GridCell.Tab.5.right.0.0.2560.1440@120dpi" width="2458" height="404" />
    <size key="GridCell.Tab.5.bottom.0.0.2560.1440@120dpi" width="2458" height="404" />
    <size key="find.popup.0.0.2560.1440@120dpi" width="1020" height="726" />
  </component>
  <component name="WindowManager">
    <frame x="0" y="0" width="2560" height="1440" extendedState="6" />
  </component>
  <component name="WindowStateApplicationService">
    <state x="961" y="455" width="647" height="343" key="#com.intellij.ide.actions.ChooseComponentsToExportDialog" timestamp="1728489104252">
      <screen x="0" y="0" width="2560" height="1440" />
    </state>
    <state x="961" y="455" key="#com.intellij.ide.actions.ChooseComponentsToExportDialog/0.0.2560.1440" timestamp="1728489104252" />
    <state x="1041" y="230" width="1000" height="784" key="#com.intellij.openapi.updateSettings.impl.PluginUpdateInfoDialog" timestamp="1732029719526">
      <screen x="0" y="0" width="3440" height="1440" />
    </state>
    <state x="775" y="230" width="1000" height="784" key="#com.intellij.openapi.updateSettings.impl.PluginUpdateInfoDialog/0.0.2560.1440" timestamp="1729785188060" />
    <state x="1041" y="230" key="#com.intellij.openapi.updateSettings.impl.PluginUpdateInfoDialog/0.0.3440.1440/3440.0.2560.1440" timestamp="1732029719526" />
    <state x="1720" y="620" width="1344" height="845" key="WELCOME_SCREEN" timestamp="1732030338298">
      <screen x="0" y="0" width="3440" height="1440" />
    </state>
    <state x="1280" y="620" width="1000" height="845" key="WELCOME_SCREEN/0.0.2560.1440" timestamp="1729785258659" />
    <state x="1720" y="620" width="1344" height="845" key="WELCOME_SCREEN/0.0.3440.1440/3440.0.2560.1440" timestamp="1732030338298" />
  </component>
</application>