<application>
  <component name="NodeJsLocalInterpreterManager">
    <local-interpreter path="$USER_HOME$/.asdf/shims/node">
      <version-cache version="18.17.0" last-modified="1738681691519" />
    </local-interpreter>
    <local-interpreter path="/bin/node">
      <version-cache version="22.10.0" last-modified="1729088504000" />
    </local-interpreter>
    <local-interpreter path="/usr/bin/node">
      <version-cache version="22.10.0" last-modified="1729088504000" />
    </local-interpreter>
    <local-interpreter path="$USER_HOME$/.asdf/installs/nodejs/18.17.0/bin/node">
      <version-cache version="18.17.0" last-modified="1722871272884" />
    </local-interpreter>
  </component>
</application>