<application>
  <component name="ProjectManager">
    <defaultProject>
      <component name="Encoding" addBOMForNewFiles="with BOM under Windows, with no BOM otherwise" />
      <component name="MarkdownSettingsMigration">
        <option name="stateVersion" value="1" />
      </component>
      <component name="MaterialThemeProjectNewConfig">
        <option name="metadata">
          <MTProjectMetadataState>
            <option name="migrated" value="true" />
            <option name="pristineConfig" value="false" />
            <option name="userId" value="4a213b3a:19137f1a7d0:-7ffc" />
          </MTProjectMetadataState>
        </option>
      </component>
      <component name="ProjectViewState">
        <option name="autoscrollFromSource" value="true" />
        <option name="hideEmptyMiddlePackages" value="true" />
        <option name="showLibraryContents" value="true" />
      </component>
      <component name="PropertiesComponent">{
  &quot;keyToString&quot;: {
    &quot;settings.editor.selected.configurable&quot;: &quot;preferences.lookFeel&quot;
  }
}</component>
      <component name="SvnConfiguration">
        <configuration>$USER_HOME$/.subversion</configuration>
      </component>
      <component name="TaskManager">
        <task active="true" id="Default" summary="Default task">
          <created>1697398280881</created>
          <option name="number" value="Default" />
          <option name="presentableId" value="Default" />
          <updated>1697398280881</updated>
        </task>
        <servers />
      </component>
      <component name="WindowStateProjectService">
        <state x="1009" y="308" width="538" height="627" key="FileChooserDialogImpl" timestamp="1721788974562">
          <screen x="0" y="0" width="2560" height="1387" />
        </state>
        <state x="1009" y="308" width="538" height="627" key="FileChooserDialogImpl/0.0.2560.1387" timestamp="1721788974562" />
        <state x="713" y="176" width="1133" height="868" key="Rider.NewProjectDialog.Size" timestamp="1721789019864">
          <screen x="0" y="0" width="2560" height="1387" />
        </state>
        <state x="713" y="176" width="1133" height="868" key="Rider.NewProjectDialog.Size/0.0.2560.1387" timestamp="1721789019864" />
        <state x="652" y="145" width="1256" height="929" key="SettingsEditor" timestamp="1721788928634">
          <screen x="0" y="0" width="2560" height="1387" />
        </state>
        <state x="652" y="145" width="1256" height="929" key="SettingsEditor/0.0.2560.1387" timestamp="1721788928634" />
      </component>
    </defaultProject>
  </component>
</application>