<application>
  <component name="Trusted.Paths">
    <option name="TRUSTED_PROJECT_PATHS">
      <map>
        <entry key="$USER_HOME$/Documents/Projects/rpg-manager/src/rpg-manager.mobile" value="true" />
        <entry key="$USER_HOME$/Theorem/Projects/pathways" value="true" />
      </map>
    </option>
  </component>
  <component name="Trusted.Paths.Settings">
    <option name="TRUSTED_PATHS">
      <list>
        <option value="$USER_HOME$/Documents/Projects/rpg-manager/src" />
        <option value="$USER_HOME$/Theorem/Projects" />
      </list>
    </option>
  </component>
</application>