<application>
  <component name="DimensionService">
    <location key="find.popup.0.0.2560.1440@120dpi" x="966" y="119" />
    <location key="find.popup.0.0.3440.1440@120dpi" x="1298" y="119" />
    <size key="GridCell.Tab.0.left.0.0.2560.1440@120dpi" width="2458" height="615" />
    <size key="GridCell.Tab.0.center.0.0.2560.1440@120dpi" width="2458" height="615" />
    <size key="GridCell.Tab.0.right.0.0.2560.1440@120dpi" width="2458" height="615" />
    <size key="GridCell.Tab.0.bottom.0.0.2560.1440@120dpi" width="2458" height="615" />
    <size key="GridCell.Tab.1.left.0.0.2560.1440@120dpi" width="2458" height="615" />
    <size key="GridCell.Tab.1.center.0.0.2560.1440@120dpi" width="2458" height="615" />
    <size key="GridCell.Tab.1.right.0.0.2560.1440@120dpi" width="2458" height="615" />
    <size key="GridCell.Tab.1.bottom.0.0.2560.1440@120dpi" width="2458" height="615" />
    <size key="GridCell.Tab.2.left.0.0.2560.1440@120dpi" width="2458" height="615" />
    <size key="GridCell.Tab.2.center.0.0.2560.1440@120dpi" width="2458" height="615" />
    <size key="GridCell.Tab.2.right.0.0.2560.1440@120dpi" width="2458" height="615" />
    <size key="GridCell.Tab.2.bottom.0.0.2560.1440@120dpi" width="2458" height="615" />
    <size key="GridCell.Tab.3.left.0.0.2560.1440@120dpi" width="2458" height="615" />
    <size key="GridCell.Tab.3.center.0.0.2560.1440@120dpi" width="2458" height="615" />
    <size key="GridCell.Tab.3.right.0.0.2560.1440@120dpi" width="2458" height="615" />
    <size key="GridCell.Tab.3.bottom.0.0.2560.1440@120dpi" width="2458" height="615" />
    <size key="find.popup.0.0.2560.1440@120dpi" width="1446" height="1131" />
    <size key="find.popup.0.0.3440.1440@120dpi" width="1944" height="1131" />
    <size key="GridCell.Tab.0.left.0.0.3440.1440@120dpi" width="3338" height="364" />
    <size key="GridCell.Tab.0.center.0.0.3440.1440@120dpi" width="3338" height="364" />
    <size key="GridCell.Tab.0.right.0.0.3440.1440@120dpi" width="3338" height="364" />
    <size key="GridCell.Tab.0.bottom.0.0.3440.1440@120dpi" width="3338" height="364" />
    <size key="GridCell.Tab.1.left.0.0.3440.1440@120dpi" width="3338" height="364" />
    <size key="GridCell.Tab.1.center.0.0.3440.1440@120dpi" width="3338" height="364" />
    <size key="GridCell.Tab.1.right.0.0.3440.1440@120dpi" width="3338" height="364" />
    <size key="GridCell.Tab.1.bottom.0.0.3440.1440@120dpi" width="3338" height="364" />
    <size key="GridCell.Tab.2.left.0.0.3440.1440@120dpi" width="3338" height="364" />
    <size key="GridCell.Tab.2.center.0.0.3440.1440@120dpi" width="3338" height="364" />
    <size key="GridCell.Tab.2.right.0.0.3440.1440@120dpi" width="3338" height="364" />
    <size key="GridCell.Tab.2.bottom.0.0.3440.1440@120dpi" width="3338" height="364" />
    <size key="GridCell.Tab.3.left.0.0.3440.1440@120dpi" width="3338" height="364" />
    <size key="GridCell.Tab.3.center.0.0.3440.1440@120dpi" width="3338" height="364" />
    <size key="GridCell.Tab.3.right.0.0.3440.1440@120dpi" width="3338" height="364" />
    <size key="GridCell.Tab.3.bottom.0.0.3440.1440@120dpi" width="3338" height="364" />
  </component>
  <component name="WindowManager">
    <frame x="0" y="0" width="2560" height="1440" extendedState="6" />
  </component>
  <component name="WindowStateApplicationService">
    <state x="961" y="438" width="635" height="343" key="#com.intellij.ide.actions.ChooseComponentsToExportDialog" timestamp="1722631389423">
      <screen x="0" y="0" width="2560" height="1387" />
    </state>
    <state x="961" y="438" width="635" height="343" key="#com.intellij.ide.actions.ChooseComponentsToExportDialog/0.0.2560.1387" timestamp="1722631389423" />
    <state x="978" y="278" width="677" height="663" key="FileChooserDialogImpl" timestamp="1722870954429">
      <screen x="0" y="0" width="2560" height="1387" />
    </state>
    <state x="978" y="278" width="677" height="663" key="FileChooserDialogImpl/0.0.2560.1387" timestamp="1722870954429" />
    <state width="542" height="134" key="ShowUsagesActions.dimensionServiceKey" timestamp="1723573863707">
      <screen x="0" y="0" width="2560" height="1440" />
    </state>
    <state width="1128" height="139" key="ShowUsagesActions.dimensionServiceKey/0.0.2560.1387" timestamp="1722957187229" />
    <state width="542" height="134" key="ShowUsagesActions.dimensionServiceKey/0.0.2560.1440" timestamp="1723573863707" />
    <state x="1720" y="620" width="1344" height="845" key="WELCOME_SCREEN" timestamp="1726148445480">
      <screen x="0" y="0" width="3440" height="1440" />
    </state>
    <state x="1280" y="597" width="1000" height="813" key="WELCOME_SCREEN/0.0.2560.1387" timestamp="1722951172160" />
    <state x="1280" y="620" width="1000" height="845" key="WELCOME_SCREEN/0.0.2560.1440" timestamp="1725927745313" />
    <state x="1720" y="620" width="1344" height="845" key="WELCOME_SCREEN/0.0.3440.1440/3440.0.2560.1440" timestamp="1726148445480" />
    <state x="670" y="504" key="ide.config.custom.settings" timestamp="1722631329913">
      <screen x="0" y="0" width="2560" height="1387" />
    </state>
    <state x="670" y="504" key="ide.config.custom.settings/0.0.2560.1387" timestamp="1722631329913" />
  </component>
</application>