<application>
  <component name="DimensionService">
    <location key="find.popup.0.0.2560.1440@120dpi" x="966" y="119" />
    <location key="find.popup.0.0.3440.1440@120dpi" x="1298" y="119" />
    <location key="find.popup.0.0.3440.1440" x="1298" y="119" />
    <size key="GridCell.Tab.0.left.0.0.2560.1440@120dpi" width="2458" height="352" />
    <size key="GridCell.Tab.0.center.0.0.2560.1440@120dpi" width="2458" height="352" />
    <size key="GridCell.Tab.0.right.0.0.2560.1440@120dpi" width="2458" height="352" />
    <size key="GridCell.Tab.0.bottom.0.0.2560.1440@120dpi" width="2458" height="352" />
    <size key="GridCell.Tab.1.left.0.0.2560.1440@120dpi" width="2458" height="352" />
    <size key="GridCell.Tab.1.center.0.0.2560.1440@120dpi" width="2458" height="352" />
    <size key="GridCell.Tab.1.right.0.0.2560.1440@120dpi" width="2458" height="352" />
    <size key="GridCell.Tab.1.bottom.0.0.2560.1440@120dpi" width="2458" height="352" />
    <size key="GridCell.Tab.2.left.0.0.2560.1440@120dpi" width="2458" height="352" />
    <size key="GridCell.Tab.2.center.0.0.2560.1440@120dpi" width="2458" height="352" />
    <size key="GridCell.Tab.2.right.0.0.2560.1440@120dpi" width="2458" height="352" />
    <size key="GridCell.Tab.2.bottom.0.0.2560.1440@120dpi" width="2458" height="352" />
    <size key="GridCell.Tab.3.left.0.0.2560.1440@120dpi" width="2458" height="352" />
    <size key="GridCell.Tab.3.center.0.0.2560.1440@120dpi" width="2458" height="352" />
    <size key="GridCell.Tab.3.right.0.0.2560.1440@120dpi" width="2458" height="352" />
    <size key="GridCell.Tab.3.bottom.0.0.2560.1440@120dpi" width="2458" height="352" />
    <size key="find.popup.0.0.2560.1440@120dpi" width="1446" height="1131" />
    <size key="find.popup.0.0.3440.1440@120dpi" width="1944" height="1131" />
    <size key="GridCell.Tab.0.left.0.0.3440.1440@120dpi" width="3338" height="484" />
    <size key="GridCell.Tab.0.center.0.0.3440.1440@120dpi" width="3338" height="484" />
    <size key="GridCell.Tab.0.right.0.0.3440.1440@120dpi" width="3338" height="484" />
    <size key="GridCell.Tab.0.bottom.0.0.3440.1440@120dpi" width="3338" height="484" />
    <size key="GridCell.Tab.1.left.0.0.3440.1440@120dpi" width="3338" height="484" />
    <size key="GridCell.Tab.1.center.0.0.3440.1440@120dpi" width="3338" height="484" />
    <size key="GridCell.Tab.1.right.0.0.3440.1440@120dpi" width="3338" height="484" />
    <size key="GridCell.Tab.1.bottom.0.0.3440.1440@120dpi" width="3338" height="484" />
    <size key="GridCell.Tab.2.left.0.0.3440.1440@120dpi" width="3338" height="484" />
    <size key="GridCell.Tab.2.center.0.0.3440.1440@120dpi" width="3338" height="484" />
    <size key="GridCell.Tab.2.right.0.0.3440.1440@120dpi" width="3338" height="484" />
    <size key="GridCell.Tab.2.bottom.0.0.3440.1440@120dpi" width="3338" height="484" />
    <size key="GridCell.Tab.3.left.0.0.3440.1440@120dpi" width="3338" height="484" />
    <size key="GridCell.Tab.3.center.0.0.3440.1440@120dpi" width="3338" height="484" />
    <size key="GridCell.Tab.3.right.0.0.3440.1440@120dpi" width="3338" height="484" />
    <size key="GridCell.Tab.3.bottom.0.0.3440.1440@120dpi" width="3338" height="484" />
    <size key="find.popup.0.0.3440.1440" width="1944" height="1131" />
    <size key="GridCell.Tab.0.left.0.0.3440.1440" width="3358" height="359" />
    <size key="GridCell.Tab.0.center.0.0.3440.1440" width="3358" height="359" />
    <size key="GridCell.Tab.0.right.0.0.3440.1440" width="3358" height="359" />
    <size key="GridCell.Tab.0.bottom.0.0.3440.1440" width="3358" height="359" />
    <size key="GridCell.Tab.1.left.0.0.3440.1440" width="3358" height="359" />
    <size key="GridCell.Tab.1.center.0.0.3440.1440" width="3358" height="359" />
    <size key="GridCell.Tab.1.right.0.0.3440.1440" width="3358" height="359" />
    <size key="GridCell.Tab.1.bottom.0.0.3440.1440" width="3358" height="359" />
    <size key="GridCell.Tab.2.left.0.0.3440.1440" width="3358" height="359" />
    <size key="GridCell.Tab.2.center.0.0.3440.1440" width="3358" height="359" />
    <size key="GridCell.Tab.2.right.0.0.3440.1440" width="3358" height="359" />
    <size key="GridCell.Tab.2.bottom.0.0.3440.1440" width="3358" height="359" />
    <size key="GridCell.Tab.3.left.0.0.3440.1440" width="3358" height="359" />
    <size key="GridCell.Tab.3.center.0.0.3440.1440" width="3358" height="359" />
    <size key="GridCell.Tab.3.right.0.0.3440.1440" width="3358" height="359" />
    <size key="GridCell.Tab.3.bottom.0.0.3440.1440" width="3358" height="359" />
    <size key="GridCell.Tab.0.left.3440.0.2560.1440@120dpi" width="3338" height="440" />
    <size key="GridCell.Tab.0.center.3440.0.2560.1440@120dpi" width="3338" height="440" />
    <size key="GridCell.Tab.0.right.3440.0.2560.1440@120dpi" width="3338" height="440" />
    <size key="GridCell.Tab.0.bottom.3440.0.2560.1440@120dpi" width="3338" height="440" />
    <size key="GridCell.Tab.1.left.3440.0.2560.1440@120dpi" width="3338" height="440" />
    <size key="GridCell.Tab.1.center.3440.0.2560.1440@120dpi" width="3338" height="440" />
    <size key="GridCell.Tab.1.right.3440.0.2560.1440@120dpi" width="3338" height="440" />
    <size key="GridCell.Tab.1.bottom.3440.0.2560.1440@120dpi" width="3338" height="440" />
    <size key="GridCell.Tab.2.left.3440.0.2560.1440@120dpi" width="3338" height="440" />
    <size key="GridCell.Tab.2.center.3440.0.2560.1440@120dpi" width="3338" height="440" />
    <size key="GridCell.Tab.2.right.3440.0.2560.1440@120dpi" width="3338" height="440" />
    <size key="GridCell.Tab.2.bottom.3440.0.2560.1440@120dpi" width="3338" height="440" />
    <size key="GridCell.Tab.3.left.3440.0.2560.1440@120dpi" width="3338" height="440" />
    <size key="GridCell.Tab.3.center.3440.0.2560.1440@120dpi" width="3338" height="440" />
    <size key="GridCell.Tab.3.right.3440.0.2560.1440@120dpi" width="3338" height="440" />
    <size key="GridCell.Tab.3.bottom.3440.0.2560.1440@120dpi" width="3338" height="440" />
  </component>
  <component name="WindowManager">
    <frame x="0" y="0" width="3440" height="1440" extendedState="6" />
  </component>
  <component name="WindowStateApplicationService">
    <state width="2012" height="134" key="ShowUsagesActions.dimensionServiceKey" timestamp="1732809768554">
      <screen x="0" y="0" width="3440" height="1440" />
    </state>
    <state width="1104" height="184" key="ShowUsagesActions.dimensionServiceKey/0.0.2560.1440" timestamp="1732118539114" />
    <state width="2012" height="134" key="ShowUsagesActions.dimensionServiceKey/0.0.3440.1440/3440.0.2560.1440" timestamp="1732809768554" />
    <state x="1720" y="620" width="1344" height="845" key="WELCOME_SCREEN" timestamp="1732811384884">
      <screen x="0" y="0" width="3440" height="1440" />
    </state>
    <state x="1280" y="620" width="1000" height="845" key="WELCOME_SCREEN/0.0.2560.1440" timestamp="1732121715139" />
    <state x="1720" y="620" width="1344" height="845" key="WELCOME_SCREEN/0.0.3440.1440/3440.0.2560.1440" timestamp="1732811384884" />
  </component>
</application>