<application>
  <component name="ProjectManager">
    <defaultProject>
      <component name="GOROOT" url="file://$USER_HOME$/.asdf/installs/golang/1.18/go" />
      <component name="ProjectViewState">
        <option name="autoscrollFromSource" value="true" />
        <option name="hideEmptyMiddlePackages" value="true" />
        <option name="showLibraryContents" value="true" />
      </component>
      <component name="PropertiesComponent">
        <property name="configurable.GoLibrariesConfigurable.is.expanded" value="true" />
        <property name="go.import.settings.migrated" value="true" />
        <property name="settings.editor.selected.configurable" value="go.vgo" />
      </component>
    </defaultProject>
  </component>
</application>