<keymap version="1" name="Sodré" parent="VSCode">
  <action id="ActivateDebugToolWindow" />
  <action id="ActivateTerminalToolWindow">
    <keyboard-shortcut first-keystroke="ctrl g" second-keystroke="ctrl t" />
  </action>
  <action id="Back">
    <keyboard-shortcut first-keystroke="shift f12" />
  </action>
  <action id="CollapseAllRegions">
    <keyboard-shortcut first-keystroke="ctrl g" second-keystroke="ctrl c" />
  </action>
  <action id="CollapseRegion" />
  <action id="CollapseRegionRecursively" />
  <action id="EditorCloneCaretAbove">
    <keyboard-shortcut first-keystroke="shift ctrl up" />
  </action>
  <action id="EditorCloneCaretBelow">
    <keyboard-shortcut first-keystroke="shift ctrl down" />
  </action>
  <action id="EditorDownWithSelection">
    <keyboard-shortcut first-keystroke="shift down" />
  </action>
  <action id="EditorDuplicate">
    <keyboard-shortcut first-keystroke="shift ctrl d" />
  </action>
  <action id="EditorJoinLines">
    <keyboard-shortcut first-keystroke="ctrl j" />
  </action>
  <action id="ExpandAllRegions" />
  <action id="ExpandCollapseToggleAction">
    <keyboard-shortcut first-keystroke="ctrl g" second-keystroke="ctrl f" />
  </action>
  <action id="ExpandRegion">
    <keyboard-shortcut first-keystroke="ctrl semicolon" second-keystroke="ctrl e" />
  </action>
  <action id="ExpandRegionRecursively" />
  <action id="GotoLine" />
  <action id="GotoRow" />
  <action id="HideActiveWindow" />
  <action id="HideAllWindows">
    <keyboard-shortcut first-keystroke="ctrl semicolon" second-keystroke="ctrl h" />
  </action>
  <action id="OpenInlineChatAction">
    <keyboard-shortcut first-keystroke="shift ctrl g" />
  </action>
  <action id="Pause" />
  <action id="Resume">
    <keyboard-shortcut first-keystroke="f6" />
  </action>
  <action id="RiderCollapseToDefinitions">
    <keyboard-shortcut first-keystroke="shift ctrl open_bracket" />
  </action>
  <action id="RunClass">
    <keyboard-shortcut first-keystroke="ctrl semicolon" second-keystroke="ctrl r" />
  </action>
  <action id="SelectNextOccurrence">
    <keyboard-shortcut first-keystroke="ctrl d" />
  </action>
  <action id="ShowUsages" />
  <action id="Terminal.CloseSession" />
  <action id="Terminal.NewTab" />
  <action id="copilot.chat.show">
    <keyboard-shortcut first-keystroke="ctrl g" second-keystroke="ctrl a" />
  </action>
  <action id="copilot.disposeInlays" />
  <action id="org.intellij.plugins.markdown.ui.actions.styling.ToggleCodeSpanAction" />
</keymap>