<keymap version="1" name="ReSharper copy" parent="ReSharper">
  <action id="AddToFavoritesPopup" />
  <action id="Back">
    <keyboard-shortcut first-keystroke="ctrl minus" />
    <mouse-shortcut keystroke="button4" />
    <keyboard-shortcut first-keystroke="shift f12" />
  </action>
  <action id="CollapseAll">
    <keyboard-shortcut first-keystroke="ctrl minus" />
  </action>
  <action id="CollapseExpandableComponent">
    <keyboard-shortcut first-keystroke="shift enter" />
    <keyboard-shortcut first-keystroke="ctrl minus" />
  </action>
  <action id="CompareTwoFiles" />
  <action id="Console.TableResult.CompareCells" />
  <action id="Diff.ShowDiff" />
  <action id="Diff.ShowSettingsPopup" />
  <action id="EditorDecreaseFontSize">
    <keyboard-shortcut first-keystroke="ctrl subtract" />
  </action>
  <action id="EditorDuplicate">
    <keyboard-shortcut first-keystroke="shift ctrl d" />
  </action>
  <action id="EditorIncreaseFontSize">
    <keyboard-shortcut first-keystroke="ctrl add" />
  </action>
  <action id="EditorJoinLines">
    <keyboard-shortcut first-keystroke="ctrl j" />
  </action>
  <action id="EditorMoveToPageBottom" />
  <action id="EditorMoveToPageTop" />
  <action id="ExpandAll">
    <keyboard-shortcut first-keystroke="ctrl equals" />
  </action>
  <action id="ExpandExpandableComponent">
    <keyboard-shortcut first-keystroke="shift enter" />
    <keyboard-shortcut first-keystroke="ctrl equals" />
  </action>
  <action id="ExternalSystem.CollapseAll">
    <keyboard-shortcut first-keystroke="ctrl minus" />
  </action>
  <action id="ExternalSystem.ExpandAll">
    <keyboard-shortcut first-keystroke="ctrl equals" />
  </action>
  <action id="ExtractMethod">
    <keyboard-shortcut first-keystroke="ctrl alt m" />
    <keyboard-shortcut first-keystroke="alt r" second-keystroke="alt m" />
  </action>
  <action id="FileChooser.GotoDesktop" />
  <action id="GotoDeclaration">
    <mouse-shortcut keystroke="control button1" />
    <mouse-shortcut keystroke="button2" />
    <keyboard-shortcut first-keystroke="f12" />
  </action>
  <action id="GotoNextError" />
  <action id="GotoPreviousError" />
  <action id="Images.Editor.ZoomIn">
    <keyboard-shortcut first-keystroke="ctrl equals" />
  </action>
  <action id="Images.Editor.ZoomOut">
    <keyboard-shortcut first-keystroke="ctrl minus" />
  </action>
  <action id="InsertLiveTemplate" />
  <action id="NextTab">
    <keyboard-shortcut first-keystroke="ctrl page_down" />
  </action>
  <action id="PreviousTab">
    <keyboard-shortcut first-keystroke="ctrl page_up" />
  </action>
  <action id="ProblemsView.CollapseAll">
    <keyboard-shortcut first-keystroke="ctrl minus" />
  </action>
  <action id="ProblemsView.ExpandAll">
    <keyboard-shortcut first-keystroke="ctrl equals" />
  </action>
  <action id="ReformatCode">
    <keyboard-shortcut first-keystroke="shift alt f" />
  </action>
  <action id="RiderNuGetToggleDependenciesExpanderAction" />
  <action id="RiderUnitTestDebugContextTwAction" />
  <action id="RiderUnitTestTreeCollapseAllAction">
    <keyboard-shortcut first-keystroke="ctrl minus" />
  </action>
  <action id="RiderUnitTestTreeExpandAllAction">
    <keyboard-shortcut first-keystroke="ctrl equals" />
  </action>
  <action id="SelectNextOccurrence">
    <keyboard-shortcut first-keystroke="ctrl d" />
  </action>
  <action id="SendEOF" />
  <action id="SurroundWith">
    <keyboard-shortcut first-keystroke="alt r" second-keystroke="alt s" />
  </action>
  <action id="SwitcherPreviousProblem" />
  <action id="Uml.ShowDiff" />
</keymap>