<keymap version="1" name="Sodré" parent="VSCode">
  <action id="ActivateDebugToolWindow" />
  <action id="Back">
    <keyboard-shortcut first-keystroke="shift f12" />
  </action>
  <action id="CollapseRegion" />
  <action id="CollapseRegionRecursively" />
  <action id="EditorCloneCaretAbove">
    <keyboard-shortcut first-keystroke="shift ctrl up" />
  </action>
  <action id="EditorCloneCaretBelow">
    <keyboard-shortcut first-keystroke="shift ctrl down" />
  </action>
  <action id="EditorDuplicate">
    <keyboard-shortcut first-keystroke="shift ctrl d" />
  </action>
  <action id="EditorJoinLines">
    <keyboard-shortcut first-keystroke="ctrl j" />
  </action>
  <action id="HideActiveWindow" />
  <action id="HideAllWindows">
    <keyboard-shortcut first-keystroke="ctrl semicolon" second-keystroke="ctrl h" />
  </action>
  <action id="Pause" />
  <action id="Resume">
    <keyboard-shortcut first-keystroke="f6" />
  </action>
  <action id="RiderCollapseToDefinitions">
    <keyboard-shortcut first-keystroke="shift ctrl open_bracket" />
  </action>
  <action id="ShowUsages" />
</keymap>