<keymap version="1" name="Sodré" parent="VSCode">
  <action id="$Redo">
    <keyboard-shortcut first-keystroke="ctrl y" />
    <keyboard-shortcut first-keystroke="shift ctrl z" />
  </action>
  <action id="$Undo">
    <keyboard-shortcut first-keystroke="ctrl z" />
  </action>
  <action id="ActivateDebugToolWindow">
    <keyboard-shortcut first-keystroke="alt 4" />
  </action>
  <action id="ActivateTerminalToolWindow">
    <keyboard-shortcut first-keystroke="ctrl g" second-keystroke="ctrl t" />
  </action>
  <action id="AssemblyDiffAction" />
  <action id="AutoIndentLines" />
  <action id="Back">
    <keyboard-shortcut first-keystroke="shift f12" />
  </action>
  <action id="CollapseAllRegions">
    <keyboard-shortcut first-keystroke="ctrl g" second-keystroke="ctrl c" />
  </action>
  <action id="CollapseBlock" />
  <action id="CollapseRegion" />
  <action id="CollapseRegionRecursively" />
  <action id="Diff.ShowDiff">
    <keyboard-shortcut first-keystroke="ctrl g" second-keystroke="ctrl d" />
  </action>
  <action id="EditorCloneCaretAbove">
    <keyboard-shortcut first-keystroke="shift ctrl up" />
  </action>
  <action id="EditorCloneCaretBelow">
    <keyboard-shortcut first-keystroke="shift ctrl down" />
  </action>
  <action id="EditorDuplicate">
    <keyboard-shortcut first-keystroke="shift ctrl d" />
  </action>
  <action id="EditorJoinLines">
    <keyboard-shortcut first-keystroke="ctrl j" />
  </action>
  <action id="ExpandAllRegions" />
  <action id="ExpandCollapseToggleAction">
    <keyboard-shortcut first-keystroke="ctrl g" second-keystroke="ctrl f" />
  </action>
  <action id="ExpandRegion" />
  <action id="ExpandRegionRecursively" />
  <action id="GotoCustomRegion" />
  <action id="GotoLine" />
  <action id="GotoRow" />
  <action id="HideActiveWindow" />
  <action id="HideAllWindows">
    <keyboard-shortcut first-keystroke="ctrl semicolon" second-keystroke="ctrl h" />
  </action>
  <action id="Pause" />
  <action id="Resume">
    <keyboard-shortcut first-keystroke="f6" />
  </action>
  <action id="RiderCoveringTestsPopupCoverAllTestsAction" />
  <action id="RiderCoveringTestsPopupDebugSelectedTestsAction" />
  <action id="RiderNuGetToggleDependenciesExpanderAction" />
  <action id="RiderUnitTestDebugContextTwAction" />
  <action id="SelectNextOccurrence">
    <keyboard-shortcut first-keystroke="ctrl d" />
  </action>
  <action id="ShowUsages" />
  <action id="Terminal.CloseSession" />
  <action id="copilot.disposeInlays" />
</keymap>