<keymap version="1" name="Sodré" parent="VSCode">
  <action id="ActivateDebugToolWindow" />
  <action id="Back">
    <keyboard-shortcut first-keystroke="shift f12" />
  </action>
  <action id="EditorCloneCaretAbove">
    <keyboard-shortcut first-keystroke="shift ctrl up" />
  </action>
  <action id="EditorCloneCaretBelow">
    <keyboard-shortcut first-keystroke="shift ctrl down" />
  </action>
  <action id="EditorDuplicate">
    <keyboard-shortcut first-keystroke="shift ctrl d" />
  </action>
  <action id="EditorJoinLines">
    <keyboard-shortcut first-keystroke="ctrl j" />
  </action>
  <action id="HideActiveWindow" />
  <action id="ShowUsages" />
</keymap>